{
  "schemaVersion": 1,
  "id": "playerapi",
  "version": "${version}",
  "name": "Fabricated Forge",
  "description": "A compatibility layer to load Forge mods on FabricLoader.",
  "authors": [
    "CatCore/arthurbambou"
  ],
  "contact": {
    "homepage": "https://github.com/arthurbambou/Fabricated-Legacy-Forge",
    "sources": "https://github.com/arthurbambou/Fabricated-Legacy-Forge"
  },
  "license": "CC0-1.0",
  "icon": "assets/fabricated-forge/icon.png",
  "environment": "*",
  "entrypoints": {
  },
  "mixins": [
  ],
  "depends": {
    "fabricloader": ">=0.13.0",
    "minecraft": "1.3.2"
  }
}
